TimeUTC,timestampInMs,requestPath,requestMethod,requestQueryString,responseStatusCode,requestId,requestUserAgent,level,environment,branch,vercelCache,type,function,host,deploymentDomain,deploymentId,durationMs,region,maxMemoryUsed,memorySize,message,projectId,traceId,sessionId,invocationId,instanceId,concurrency
2026-01-15 18:52:42,1768503162837,url-shortner-nxeoih58b-rishi17p-9022s-projects.vercel.app/,GET,,500,5wbvg-1768503161988-a34f0114ec0f,vercel-favicon/1.0,error,production,main,MISS,serverless,/,url-shortner-nxeoih58b-rishi17p-9022s-projects.vercel.app,url-shortner-nxeoih58b-rishi17p-9022s-projects.vercel.app,dpl_3y3nHcLbqNQqQbTFjunb2cVn1wpX,,,,,"[dotenv@17.2.3] injecting env (0) from .env -- tip: ‚öôÔ∏è  write to custom object with { processEnv: myObject }
TypeError: Missing parameter name at 1: https://git.new/pathToRegexpError
    at name (/var/task/node_modules/path-to-regexp/dist/index.js:73:19)
    at lexer (/var/task/node_modules/path-to-regexp/dist/index.js:91:27)
    at lexer.next (<anonymous>)
    at Iter.peek (/var/task/node_modules/path-to-regexp/dist/index.js:106:38)
    at Iter.tryConsume (/var/task/node_modules/path-to-regexp/dist/index.js:112:28)
    at Iter.text (/var/task/node_modules/path-to-regexp/dist/index.js:128:30)
    at consume (/var/task/node_modules/path-to-regexp/dist/index.js:152:29)
    at parse (/var/task/node_modules/path-to-regexp/dist/index.js:183:20)
    at /var/task/node_modules/path-to-regexp/dist/index.js:294:74
    at Array.map (<anonymous>)
Node.js process exited with exit status: 1. The logs above can help with debugging the issue.",prj_cBNmhf88X78ZbGcrhu1TmwnTJBLn,,,,,
2026-01-15 18:52:41,1768503161988,url-shortner-nxeoih58b-rishi17p-9022s-projects.vercel.app/,GET,,500,5wbvg-1768503161988-a34f0114ec0f,vercel-favicon/1.0,,production,main,MISS,serverless,/index.js,url-shortner-nxeoih58b-rishi17p-9022s-projects.vercel.app,url-shortner-nxeoih58b-rishi17p-9022s-projects.vercel.app,dpl_3y3nHcLbqNQqQbTFjunb2cVn1wpX,794,iad1,-1,2048,,prj_cBNmhf88X78ZbGcrhu1TmwnTJBLn,,,01KF1G1D5C3CVC0ZSZBCJZATQH,,-1
2026-01-15 18:52:40,1768503160860,url-shortner-nxeoih58b-rishi17p-9022s-projects.vercel.app/,GET,,500,dz782-1768503160011-f4708cda7980,vercel-favicon/1.0,error,production,main,MISS,serverless,/,url-shortner-nxeoih58b-rishi17p-9022s-projects.vercel.app,url-shortner-nxeoih58b-rishi17p-9022s-projects.vercel.app,dpl_3y3nHcLbqNQqQbTFjunb2cVn1wpX,,,,,"[dotenv@17.2.3] injecting env (0) from .env -- tip: üîÑ add secrets lifecycle management: https://dotenvx.com/ops
TypeError: Missing parameter name at 1: https://git.new/pathToRegexpError
    at name (/var/task/node_modules/path-to-regexp/dist/index.js:73:19)
    at lexer (/var/task/node_modules/path-to-regexp/dist/index.js:91:27)
    at lexer.next (<anonymous>)
    at Iter.peek (/var/task/node_modules/path-to-regexp/dist/index.js:106:38)
    at Iter.tryConsume (/var/task/node_modules/path-to-regexp/dist/index.js:112:28)
    at Iter.text (/var/task/node_modules/path-to-regexp/dist/index.js:128:30)
    at consume (/var/task/node_modules/path-to-regexp/dist/index.js:152:29)
    at parse (/var/task/node_modules/path-to-regexp/dist/index.js:183:20)
    at /var/task/node_modules/path-to-regexp/dist/index.js:294:74
    at Array.map (<anonymous>)
Node.js process exited with exit status: 1. The logs above can help with debugging the issue.",prj_cBNmhf88X78ZbGcrhu1TmwnTJBLn,,,,,
2026-01-15 18:52:40,1768503160011,url-shortner-nxeoih58b-rishi17p-9022s-projects.vercel.app/,GET,,500,dz782-1768503160011-f4708cda7980,vercel-favicon/1.0,,production,main,MISS,serverless,/index.js,url-shortner-nxeoih58b-rishi17p-9022s-projects.vercel.app,url-shortner-nxeoih58b-rishi17p-9022s-projects.vercel.app,dpl_3y3nHcLbqNQqQbTFjunb2cVn1wpX,793,iad1,-1,2048,,prj_cBNmhf88X78ZbGcrhu1TmwnTJBLn,,,01KF1G1B7NRQK5JR9353B3QPHP,,-1
2026-01-15 18:52:22,1768503142542,url-shortner-nxeoih58b-rishi17p-9022s-projects.vercel.app/favicon.png,GET,,500,rdvvf-1768503141699-ae72cd86261e,vercel-favicon/1.0,error,production,main,MISS,serverless,/favicon.png,url-shortner-nxeoih58b-rishi17p-9022s-projects.vercel.app,url-shortner-nxeoih58b-rishi17p-9022s-projects.vercel.app,dpl_3y3nHcLbqNQqQbTFjunb2cVn1wpX,,,,,"[dotenv@17.2.3] injecting env (0) from .env -- tip: ‚öôÔ∏è  override existing env vars with { override: true }
TypeError: Missing parameter name at 1: https://git.new/pathToRegexpError
    at name (/var/task/node_modules/path-to-regexp/dist/index.js:73:19)
    at lexer (/var/task/node_modules/path-to-regexp/dist/index.js:91:27)
    at lexer.next (<anonymous>)
    at Iter.peek (/var/task/node_modules/path-to-regexp/dist/index.js:106:38)
    at Iter.tryConsume (/var/task/node_modules/path-to-regexp/dist/index.js:112:28)
    at Iter.text (/var/task/node_modules/path-to-regexp/dist/index.js:128:30)
    at consume (/var/task/node_modules/path-to-regexp/dist/index.js:152:29)
    at parse (/var/task/node_modules/path-to-regexp/dist/index.js:183:20)
    at /var/task/node_modules/path-to-regexp/dist/index.js:294:74
    at Array.map (<anonymous>)
Node.js process exited with exit status: 1. The logs above can help with debugging the issue.",prj_cBNmhf88X78ZbGcrhu1TmwnTJBLn,,,,,
2026-01-15 18:52:21,1768503141699,url-shortner-nxeoih58b-rishi17p-9022s-projects.vercel.app/favicon.png,GET,,500,rdvvf-1768503141699-ae72cd86261e,vercel-favicon/1.0,,production,main,MISS,serverless,/index.js,url-shortner-nxeoih58b-rishi17p-9022s-projects.vercel.app,url-shortner-nxeoih58b-rishi17p-9022s-projects.vercel.app,dpl_3y3nHcLbqNQqQbTFjunb2cVn1wpX,794,iad1,-1,2048,,prj_cBNmhf88X78ZbGcrhu1TmwnTJBLn,,,01KF1G0SB6J3GAX1SMQGVHYVGD,,-1
2026-01-15 18:52:19,1768503139578,url-shortner-nxeoih58b-rishi17p-9022s-projects.vercel.app/favicon.png,GET,,500,t5z4c-1768503138703-85bead195022,vercel-favicon/1.0,error,production,main,MISS,serverless,/favicon.png,url-shortner-nxeoih58b-rishi17p-9022s-projects.vercel.app,url-shortner-nxeoih58b-rishi17p-9022s-projects.vercel.app,dpl_3y3nHcLbqNQqQbTFjunb2cVn1wpX,,,,,"[dotenv@17.2.3] injecting env (0) from .env -- tip: üîê prevent committing .env to code: https://dotenvx.com/precommit
TypeError: Missing parameter name at 1: https://git.new/pathToRegexpError
    at name (/var/task/node_modules/path-to-regexp/dist/index.js:73:19)
    at lexer (/var/task/node_modules/path-to-regexp/dist/index.js:91:27)
    at lexer.next (<anonymous>)
    at Iter.peek (/var/task/node_modules/path-to-regexp/dist/index.js:106:38)
    at Iter.tryConsume (/var/task/node_modules/path-to-regexp/dist/index.js:112:28)
    at Iter.text (/var/task/node_modules/path-to-regexp/dist/index.js:128:30)
    at consume (/var/task/node_modules/path-to-regexp/dist/index.js:152:29)
    at parse (/var/task/node_modules/path-to-regexp/dist/index.js:183:20)
    at /var/task/node_modules/path-to-regexp/dist/index.js:294:74
    at Array.map (<anonymous>)
Node.js process exited with exit status: 1. The logs above can help with debugging the issue.",prj_cBNmhf88X78ZbGcrhu1TmwnTJBLn,,,,,
2026-01-15 18:52:18,1768503138703,url-shortner-nxeoih58b-rishi17p-9022s-projects.vercel.app/favicon.png,GET,,500,t5z4c-1768503138703-85bead195022,vercel-favicon/1.0,,production,main,MISS,serverless,/index.js,url-shortner-nxeoih58b-rishi17p-9022s-projects.vercel.app,url-shortner-nxeoih58b-rishi17p-9022s-projects.vercel.app,dpl_3y3nHcLbqNQqQbTFjunb2cVn1wpX,825,iad1,-1,2048,,prj_cBNmhf88X78ZbGcrhu1TmwnTJBLn,,,01KF1G0PDKMF51FRGSXG6G4F46,,-1
2026-01-15 18:52:17,1768503137602,url-shortner-nxeoih58b-rishi17p-9022s-projects.vercel.app/favicon.png,GET,,500,c8f7p-1768503136730-c3e634544c64,vercel-favicon/1.0,error,production,main,MISS,serverless,/favicon.png,url-shortner-nxeoih58b-rishi17p-9022s-projects.vercel.app,url-shortner-nxeoih58b-rishi17p-9022s-projects.vercel.app,dpl_3y3nHcLbqNQqQbTFjunb2cVn1wpX,,,,,"[dotenv@17.2.3] injecting env (0) from .env -- tip: ‚öôÔ∏è  override existing env vars with { override: true }
TypeError: Missing parameter name at 1: https://git.new/pathToRegexpError
    at name (/var/task/node_modules/path-to-regexp/dist/index.js:73:19)
    at lexer (/var/task/node_modules/path-to-regexp/dist/index.js:91:27)
    at lexer.next (<anonymous>)
    at Iter.peek (/var/task/node_modules/path-to-regexp/dist/index.js:106:38)
    at Iter.tryConsume (/var/task/node_modules/path-to-regexp/dist/index.js:112:28)
    at Iter.text (/var/task/node_modules/path-to-regexp/dist/index.js:128:30)
    at consume (/var/task/node_modules/path-to-regexp/dist/index.js:152:29)
    at parse (/var/task/node_modules/path-to-regexp/dist/index.js:183:20)
    at /var/task/node_modules/path-to-regexp/dist/index.js:294:74
    at Array.map (<anonymous>)
Node.js process exited with exit status: 1. The logs above can help with debugging the issue.",prj_cBNmhf88X78ZbGcrhu1TmwnTJBLn,,,,,
2026-01-15 18:52:16,1768503136730,url-shortner-nxeoih58b-rishi17p-9022s-projects.vercel.app/favicon.png,GET,,500,c8f7p-1768503136730-c3e634544c64,vercel-favicon/1.0,,production,main,MISS,serverless,/index.js,url-shortner-nxeoih58b-rishi17p-9022s-projects.vercel.app,url-shortner-nxeoih58b-rishi17p-9022s-projects.vercel.app,dpl_3y3nHcLbqNQqQbTFjunb2cVn1wpX,819,iad1,-1,2048,,prj_cBNmhf88X78ZbGcrhu1TmwnTJBLn,,,01KF1G0MFXMDTS1CK73RW64178,,-1
2026-01-15 18:52:14,1768503134041,url-shortner-nxeoih58b-rishi17p-9022s-projects.vercel.app/favicon.png,GET,,500,jgwjm-1768503133132-56061eed7afd,vercel-favicon/1.0,error,production,main,MISS,serverless,/favicon.png,url-shortner-nxeoih58b-rishi17p-9022s-projects.vercel.app,url-shortner-nxeoih58b-rishi17p-9022s-projects.vercel.app,dpl_3y3nHcLbqNQqQbTFjunb2cVn1wpX,,,,,"[dotenv@17.2.3] injecting env (0) from .env -- tip: ‚öôÔ∏è  load multiple .env files with { path: ['.env.local', '.env'] }
TypeError: Missing parameter name at 1: https://git.new/pathToRegexpError
    at name (/var/task/node_modules/path-to-regexp/dist/index.js:73:19)
    at lexer (/var/task/node_modules/path-to-regexp/dist/index.js:91:27)
    at lexer.next (<anonymous>)
    at Iter.peek (/var/task/node_modules/path-to-regexp/dist/index.js:106:38)
    at Iter.tryConsume (/var/task/node_modules/path-to-regexp/dist/index.js:112:28)
    at Iter.text (/var/task/node_modules/path-to-regexp/dist/index.js:128:30)
    at consume (/var/task/node_modules/path-to-regexp/dist/index.js:152:29)
    at parse (/var/task/node_modules/path-to-regexp/dist/index.js:183:20)
    at /var/task/node_modules/path-to-regexp/dist/index.js:294:74
    at Array.map (<anonymous>)
Node.js process exited with exit status: 1. The logs above can help with debugging the issue.",prj_cBNmhf88X78ZbGcrhu1TmwnTJBLn,,,,,
2026-01-15 18:52:13,1768503133132,url-shortner-nxeoih58b-rishi17p-9022s-projects.vercel.app/favicon.png,GET,,500,jgwjm-1768503133132-56061eed7afd,vercel-favicon/1.0,,production,main,MISS,serverless,/index.js,url-shortner-nxeoih58b-rishi17p-9022s-projects.vercel.app,url-shortner-nxeoih58b-rishi17p-9022s-projects.vercel.app,dpl_3y3nHcLbqNQqQbTFjunb2cVn1wpX,838,iad1,-1,2048,,prj_cBNmhf88X78ZbGcrhu1TmwnTJBLn,,,01KF1G0H06RFPKZB1QX5004HEN,,-1
2026-01-15 18:52:13,1768503133757,url-shortner-nxeoih58b-rishi17p-9022s-projects.vercel.app/favicon.ico,GET,,500,9lxmx-1768503132869-1b33d7a0f493,vercel-favicon/1.0,error,production,main,MISS,serverless,/favicon.ico,url-shortner-nxeoih58b-rishi17p-9022s-projects.vercel.app,url-shortner-nxeoih58b-rishi17p-9022s-projects.vercel.app,dpl_3y3nHcLbqNQqQbTFjunb2cVn1wpX,,,,,"[dotenv@17.2.3] injecting env (0) from .env -- tip: ‚öôÔ∏è  enable debug logging with { debug: true }
TypeError: Missing parameter name at 1: https://git.new/pathToRegexpError
    at name (/var/task/node_modules/path-to-regexp/dist/index.js:73:19)
    at lexer (/var/task/node_modules/path-to-regexp/dist/index.js:91:27)
    at lexer.next (<anonymous>)
    at Iter.peek (/var/task/node_modules/path-to-regexp/dist/index.js:106:38)
    at Iter.tryConsume (/var/task/node_modules/path-to-regexp/dist/index.js:112:28)
    at Iter.text (/var/task/node_modules/path-to-regexp/dist/index.js:128:30)
    at consume (/var/task/node_modules/path-to-regexp/dist/index.js:152:29)
    at parse (/var/task/node_modules/path-to-regexp/dist/index.js:183:20)
    at /var/task/node_modules/path-to-regexp/dist/index.js:294:74
    at Array.map (<anonymous>)
Node.js process exited with exit status: 1. The logs above can help with debugging the issue.",prj_cBNmhf88X78ZbGcrhu1TmwnTJBLn,,,,,
2026-01-15 18:52:12,1768503132869,url-shortner-nxeoih58b-rishi17p-9022s-projects.vercel.app/favicon.ico,GET,,500,9lxmx-1768503132869-1b33d7a0f493,vercel-favicon/1.0,,production,main,MISS,serverless,/index.js,url-shortner-nxeoih58b-rishi17p-9022s-projects.vercel.app,url-shortner-nxeoih58b-rishi17p-9022s-projects.vercel.app,dpl_3y3nHcLbqNQqQbTFjunb2cVn1wpX,836,iad1,-1,2048,,prj_cBNmhf88X78ZbGcrhu1TmwnTJBLn,,,01KF1G0GQB0R77BKEMJM6N6MBA,,-1
2026-01-15 18:52:11,1768503131020,url-shortner-nxeoih58b-rishi17p-9022s-projects.vercel.app/favicon.png,GET,,500,87fkr-1768503130163-2eb40649fd89,vercel-favicon/1.0,error,production,main,MISS,serverless,/favicon.png,url-shortner-nxeoih58b-rishi17p-9022s-projects.vercel.app,url-shortner-nxeoih58b-rishi17p-9022s-projects.vercel.app,dpl_3y3nHcLbqNQqQbTFjunb2cVn1wpX,,,,,"[dotenv@17.2.3] injecting env (0) from .env -- tip: üóÇÔ∏è backup and recover secrets: https://dotenvx.com/ops
TypeError: Missing parameter name at 1: https://git.new/pathToRegexpError
    at name (/var/task/node_modules/path-to-regexp/dist/index.js:73:19)
    at lexer (/var/task/node_modules/path-to-regexp/dist/index.js:91:27)
    at lexer.next (<anonymous>)
    at Iter.peek (/var/task/node_modules/path-to-regexp/dist/index.js:106:38)
    at Iter.tryConsume (/var/task/node_modules/path-to-regexp/dist/index.js:112:28)
    at Iter.text (/var/task/node_modules/path-to-regexp/dist/index.js:128:30)
    at consume (/var/task/node_modules/path-to-regexp/dist/index.js:152:29)
    at parse (/var/task/node_modules/path-to-regexp/dist/index.js:183:20)
    at /var/task/node_modules/path-to-regexp/dist/index.js:294:74
    at Array.map (<anonymous>)
Node.js process exited with exit status: 1. The logs above can help with debugging the issue.",prj_cBNmhf88X78ZbGcrhu1TmwnTJBLn,,,,,
2026-01-15 18:52:10,1768503130163,url-shortner-nxeoih58b-rishi17p-9022s-projects.vercel.app/favicon.png,GET,,500,87fkr-1768503130163-2eb40649fd89,vercel-favicon/1.0,,production,main,MISS,serverless,/index.js,url-shortner-nxeoih58b-rishi17p-9022s-projects.vercel.app,url-shortner-nxeoih58b-rishi17p-9022s-projects.vercel.app,dpl_3y3nHcLbqNQqQbTFjunb2cVn1wpX,805,iad1,-1,2048,,prj_cBNmhf88X78ZbGcrhu1TmwnTJBLn,,,01KF1G0E2T999605GQYVANW5JC,,-1
2026-01-15 18:52:10,1768503130594,url-shortner-nxeoih58b-rishi17p-9022s-projects.vercel.app/,GET,,500,c4p2s-1768503129662-21812de6f6b4,vercel-favicon/1.0,error,production,main,MISS,serverless,/,url-shortner-nxeoih58b-rishi17p-9022s-projects.vercel.app,url-shortner-nxeoih58b-rishi17p-9022s-projects.vercel.app,dpl_3y3nHcLbqNQqQbTFjunb2cVn1wpX,,,,,"[dotenv@17.2.3] injecting env (0) from .env -- tip: ‚öôÔ∏è  load multiple .env files with { path: ['.env.local', '.env'] }
TypeError: Missing parameter name at 1: https://git.new/pathToRegexpError
    at name (/var/task/node_modules/path-to-regexp/dist/index.js:73:19)
    at lexer (/var/task/node_modules/path-to-regexp/dist/index.js:91:27)
    at lexer.next (<anonymous>)
    at Iter.peek (/var/task/node_modules/path-to-regexp/dist/index.js:106:38)
    at Iter.tryConsume (/var/task/node_modules/path-to-regexp/dist/index.js:112:28)
    at Iter.text (/var/task/node_modules/path-to-regexp/dist/index.js:128:30)
    at consume (/var/task/node_modules/path-to-regexp/dist/index.js:152:29)
    at parse (/var/task/node_modules/path-to-regexp/dist/index.js:183:20)
    at /var/task/node_modules/path-to-regexp/dist/index.js:294:74
    at Array.map (<anonymous>)
Node.js process exited with exit status: 1. The logs above can help with debugging the issue.",prj_cBNmhf88X78ZbGcrhu1TmwnTJBLn,,,,,
2026-01-15 18:52:09,1768503129662,url-shortner-nxeoih58b-rishi17p-9022s-projects.vercel.app/,GET,,500,c4p2s-1768503129662-21812de6f6b4,vercel-favicon/1.0,,production,main,MISS,serverless,/index.js,url-shortner-nxeoih58b-rishi17p-9022s-projects.vercel.app,url-shortner-nxeoih58b-rishi17p-9022s-projects.vercel.app,dpl_3y3nHcLbqNQqQbTFjunb2cVn1wpX,875,iad1,-1,2048,,prj_cBNmhf88X78ZbGcrhu1TmwnTJBLn,,,01KF1G0DK2PZ6B5VMX165VGHBE,,-1
2026-01-15 18:52:03,1768503123273,url-shortner-nxeoih58b-rishi17p-9022s-projects.vercel.app/favicon.ico,GET,,500,j7qjt-1768503122413-fd86e7474b26,vercel-favicon/1.0,error,production,main,MISS,serverless,/favicon.ico,url-shortner-nxeoih58b-rishi17p-9022s-projects.vercel.app,url-shortner-nxeoih58b-rishi17p-9022s-projects.vercel.app,dpl_3y3nHcLbqNQqQbTFjunb2cVn1wpX,,,,,"[dotenv@17.2.3] injecting env (0) from .env -- tip: ‚öôÔ∏è  suppress all logs with { quiet: true }
TypeError: Missing parameter name at 1: https://git.new/pathToRegexpError
    at name (/var/task/node_modules/path-to-regexp/dist/index.js:73:19)
    at lexer (/var/task/node_modules/path-to-regexp/dist/index.js:91:27)
    at lexer.next (<anonymous>)
    at Iter.peek (/var/task/node_modules/path-to-regexp/dist/index.js:106:38)
    at Iter.tryConsume (/var/task/node_modules/path-to-regexp/dist/index.js:112:28)
    at Iter.text (/var/task/node_modules/path-to-regexp/dist/index.js:128:30)
    at consume (/var/task/node_modules/path-to-regexp/dist/index.js:152:29)
    at parse (/var/task/node_modules/path-to-regexp/dist/index.js:183:20)
    at /var/task/node_modules/path-to-regexp/dist/index.js:294:74
    at Array.map (<anonymous>)
Node.js process exited with exit status: 1. The logs above can help with debugging the issue.",prj_cBNmhf88X78ZbGcrhu1TmwnTJBLn,,,,,
2026-01-15 18:52:02,1768503122413,url-shortner-nxeoih58b-rishi17p-9022s-projects.vercel.app/favicon.ico,GET,,500,j7qjt-1768503122413-fd86e7474b26,vercel-favicon/1.0,,production,main,MISS,serverless,/index.js,url-shortner-nxeoih58b-rishi17p-9022s-projects.vercel.app,url-shortner-nxeoih58b-rishi17p-9022s-projects.vercel.app,dpl_3y3nHcLbqNQqQbTFjunb2cVn1wpX,810,iad1,-1,2048,,prj_cBNmhf88X78ZbGcrhu1TmwnTJBLn,,,01KF1G06GH24E1M9PMM40JSWZG,,-1
2026-01-15 18:52:03,1768503123370,url-shortner-ruby-beta.vercel.app/,GET,,500,rbplg-1768503121975-49084e1e67c9,"Mozilla/5.0 (Windows NT 10.0; Win64; x64) AppleWebKit/537.36 (KHTML, like Gecko) Chrome/143.0.0.0 Safari/537.36",error,production,main,MISS,serverless,/,url-shortner-ruby-beta.vercel.app,url-shortner-ruby-beta.vercel.app,dpl_3y3nHcLbqNQqQbTFjunb2cVn1wpX,,,,,"[dotenv@17.2.3] injecting env (0) from .env -- tip: ‚öôÔ∏è  write to custom object with { processEnv: myObject }
TypeError: Missing parameter name at 1: https://git.new/pathToRegexpError
    at name (/var/task/node_modules/path-to-regexp/dist/index.js:73:19)
    at lexer (/var/task/node_modules/path-to-regexp/dist/index.js:91:27)
    at lexer.next (<anonymous>)
    at Iter.peek (/var/task/node_modules/path-to-regexp/dist/index.js:106:38)
    at Iter.tryConsume (/var/task/node_modules/path-to-regexp/dist/index.js:112:28)
    at Iter.text (/var/task/node_modules/path-to-regexp/dist/index.js:128:30)
    at consume (/var/task/node_modules/path-to-regexp/dist/index.js:152:29)
    at parse (/var/task/node_modules/path-to-regexp/dist/index.js:183:20)
    at /var/task/node_modules/path-to-regexp/dist/index.js:294:74
    at Array.map (<anonymous>)
Node.js process exited with exit status: 1. The logs above can help with debugging the issue.",prj_cBNmhf88X78ZbGcrhu1TmwnTJBLn,,,,,
2026-01-15 18:52:01,1768503121975,url-shortner-ruby-beta.vercel.app/,GET,,500,rbplg-1768503121975-49084e1e67c9,"Mozilla/5.0 (Windows NT 10.0; Win64; x64) AppleWebKit/537.36 (KHTML, like Gecko) Chrome/143.0.0.0 Safari/537.36",,production,main,MISS,serverless,/index.js,url-shortner-ruby-beta.vercel.app,url-shortner-ruby-beta.vercel.app,dpl_3y3nHcLbqNQqQbTFjunb2cVn1wpX,821,iad1,-1,2048,,prj_cBNmhf88X78ZbGcrhu1TmwnTJBLn,,,01KF1G06K2EA2DVDA3RKBDDAQJ,,-1
2026-01-15 18:52:02,1768503122592,url-shortner-nxeoih58b-rishi17p-9022s-projects.vercel.app/favicon.ico,GET,,500,qmp6b-1768503121548-6ed648ae4c2e,vercel-screenshot/1.0,error,production,main,MISS,serverless,/favicon.ico,url-shortner-nxeoih58b-rishi17p-9022s-projects.vercel.app,url-shortner-nxeoih58b-rishi17p-9022s-projects.vercel.app,dpl_3y3nHcLbqNQqQbTFjunb2cVn1wpX,,,,,"[dotenv@17.2.3] injecting env (0) from .env -- tip: üîê prevent building .env in docker: https://dotenvx.com/prebuild
TypeError: Missing parameter name at 1: https://git.new/pathToRegexpError
    at name (/var/task/node_modules/path-to-regexp/dist/index.js:73:19)
    at lexer (/var/task/node_modules/path-to-regexp/dist/index.js:91:27)
    at lexer.next (<anonymous>)
    at Iter.peek (/var/task/node_modules/path-to-regexp/dist/index.js:106:38)
    at Iter.tryConsume (/var/task/node_modules/path-to-regexp/dist/index.js:112:28)
    at Iter.text (/var/task/node_modules/path-to-regexp/dist/index.js:128:30)
    at consume (/var/task/node_modules/path-to-regexp/dist/index.js:152:29)
    at parse (/var/task/node_modules/path-to-regexp/dist/index.js:183:20)
    at /var/task/node_modules/path-to-regexp/dist/index.js:294:74
    at Array.map (<anonymous>)
Node.js process exited with exit status: 1. The logs above can help with debugging the issue.",prj_cBNmhf88X78ZbGcrhu1TmwnTJBLn,,,,,
2026-01-15 18:52:01,1768503121548,url-shortner-nxeoih58b-rishi17p-9022s-projects.vercel.app/favicon.ico,GET,,500,qmp6b-1768503121548-6ed648ae4c2e,vercel-screenshot/1.0,,production,main,MISS,serverless,/index.js,url-shortner-nxeoih58b-rishi17p-9022s-projects.vercel.app,url-shortner-nxeoih58b-rishi17p-9022s-projects.vercel.app,dpl_3y3nHcLbqNQqQbTFjunb2cVn1wpX,884,iad1,-1,2048,,prj_cBNmhf88X78ZbGcrhu1TmwnTJBLn,,,01KF1G05RXH8GKCRVSMZF64W7S,,-1
2026-01-15 18:52:02,1768503122293,url-shortner-nxeoih58b-rishi17p-9022s-projects.vercel.app/,GET,,500,jlkhs-1768503121382-fe3399994d03,vercel-favicon/1.0,error,production,main,MISS,serverless,/,url-shortner-nxeoih58b-rishi17p-9022s-projects.vercel.app,url-shortner-nxeoih58b-rishi17p-9022s-projects.vercel.app,dpl_3y3nHcLbqNQqQbTFjunb2cVn1wpX,,,,,"[dotenv@17.2.3] injecting env (0) from .env -- tip: ‚öôÔ∏è  specify custom .env file path with { path: '/custom/path/.env' }
TypeError: Missing parameter name at 1: https://git.new/pathToRegexpError
    at name (/var/task/node_modules/path-to-regexp/dist/index.js:73:19)
    at lexer (/var/task/node_modules/path-to-regexp/dist/index.js:91:27)
    at lexer.next (<anonymous>)
    at Iter.peek (/var/task/node_modules/path-to-regexp/dist/index.js:106:38)
    at Iter.tryConsume (/var/task/node_modules/path-to-regexp/dist/index.js:112:28)
    at Iter.text (/var/task/node_modules/path-to-regexp/dist/index.js:128:30)
    at consume (/var/task/node_modules/path-to-regexp/dist/index.js:152:29)
    at parse (/var/task/node_modules/path-to-regexp/dist/index.js:183:20)
    at /var/task/node_modules/path-to-regexp/dist/index.js:294:74
    at Array.map (<anonymous>)
Node.js process exited with exit status: 1. The logs above can help with debugging the issue.",prj_cBNmhf88X78ZbGcrhu1TmwnTJBLn,,,,,
2026-01-15 18:52:01,1768503121382,url-shortner-nxeoih58b-rishi17p-9022s-projects.vercel.app/,GET,,500,jlkhs-1768503121382-fe3399994d03,vercel-favicon/1.0,,production,main,MISS,serverless,/index.js,url-shortner-nxeoih58b-rishi17p-9022s-projects.vercel.app,url-shortner-nxeoih58b-rishi17p-9022s-projects.vercel.app,dpl_3y3nHcLbqNQqQbTFjunb2cVn1wpX,827,iad1,-1,2048,,prj_cBNmhf88X78ZbGcrhu1TmwnTJBLn,,,01KF1G05H4KSX87YRDCTBWED92,,-1
2026-01-15 18:52:01,1768503121507,url-shortner-nxeoih58b-rishi17p-9022s-projects.vercel.app/favicon.ico,GET,,500,wrzlw-1768503120599-b914b655245f,vercel-screenshot/1.0,error,production,main,MISS,serverless,/favicon.ico,url-shortner-nxeoih58b-rishi17p-9022s-projects.vercel.app,url-shortner-nxeoih58b-rishi17p-9022s-projects.vercel.app,dpl_3y3nHcLbqNQqQbTFjunb2cVn1wpX,,,,,"[dotenv@17.2.3] injecting env (0) from .env -- tip: üõ†Ô∏è  run anywhere with `dotenvx run -- yourcommand`
TypeError: Missing parameter name at 1: https://git.new/pathToRegexpError
    at name (/var/task/node_modules/path-to-regexp/dist/index.js:73:19)
    at lexer (/var/task/node_modules/path-to-regexp/dist/index.js:91:27)
    at lexer.next (<anonymous>)
    at Iter.peek (/var/task/node_modules/path-to-regexp/dist/index.js:106:38)
    at Iter.tryConsume (/var/task/node_modules/path-to-regexp/dist/index.js:112:28)
    at Iter.text (/var/task/node_modules/path-to-regexp/dist/index.js:128:30)
    at consume (/var/task/node_modules/path-to-regexp/dist/index.js:152:29)
    at parse (/var/task/node_modules/path-to-regexp/dist/index.js:183:20)
    at /var/task/node_modules/path-to-regexp/dist/index.js:294:74
    at Array.map (<anonymous>)
Node.js process exited with exit status: 1. The logs above can help with debugging the issue.",prj_cBNmhf88X78ZbGcrhu1TmwnTJBLn,,,,,
2026-01-15 18:52:00,1768503120599,url-shortner-nxeoih58b-rishi17p-9022s-projects.vercel.app/favicon.ico,GET,,500,wrzlw-1768503120599-b914b655245f,vercel-screenshot/1.0,,production,main,MISS,serverless,/index.js,url-shortner-nxeoih58b-rishi17p-9022s-projects.vercel.app,url-shortner-nxeoih58b-rishi17p-9022s-projects.vercel.app,dpl_3y3nHcLbqNQqQbTFjunb2cVn1wpX,851,iad1,-1,2048,,prj_cBNmhf88X78ZbGcrhu1TmwnTJBLn,,,01KF1G04R1KKVT5WSB90SQB01Z,,-1
2026-01-15 18:52:00,1768503120531,url-shortner-nxeoih58b-rishi17p-9022s-projects.vercel.app/,GET,,500,9bjb7-1768503119514-c4a640cb40a4,vercel-screenshot/1.0,error,production,main,MISS,serverless,/,url-shortner-nxeoih58b-rishi17p-9022s-projects.vercel.app,url-shortner-nxeoih58b-rishi17p-9022s-projects.vercel.app,dpl_3y3nHcLbqNQqQbTFjunb2cVn1wpX,,,,,"[dotenv@17.2.3] injecting env (0) from .env -- tip: üîê prevent building .env in docker: https://dotenvx.com/prebuild
TypeError: Missing parameter name at 1: https://git.new/pathToRegexpError
    at name (/var/task/node_modules/path-to-regexp/dist/index.js:73:19)
    at lexer (/var/task/node_modules/path-to-regexp/dist/index.js:91:27)
    at lexer.next (<anonymous>)
    at Iter.peek (/var/task/node_modules/path-to-regexp/dist/index.js:106:38)
    at Iter.tryConsume (/var/task/node_modules/path-to-regexp/dist/index.js:112:28)
    at Iter.text (/var/task/node_modules/path-to-regexp/dist/index.js:128:30)
    at consume (/var/task/node_modules/path-to-regexp/dist/index.js:152:29)
    at parse (/var/task/node_modules/path-to-regexp/dist/index.js:183:20)
    at /var/task/node_modules/path-to-regexp/dist/index.js:294:74
    at Array.map (<anonymous>)
Node.js process exited with exit status: 1. The logs above can help with debugging the issue.",prj_cBNmhf88X78ZbGcrhu1TmwnTJBLn,,,,,
2026-01-15 18:51:59,1768503119514,url-shortner-nxeoih58b-rishi17p-9022s-projects.vercel.app/,GET,,500,9bjb7-1768503119514-c4a640cb40a4,vercel-screenshot/1.0,,production,main,MISS,serverless,/index.js,url-shortner-nxeoih58b-rishi17p-9022s-projects.vercel.app,url-shortner-nxeoih58b-rishi17p-9022s-projects.vercel.app,dpl_3y3nHcLbqNQqQbTFjunb2cVn1wpX,890,iad1,-1,2048,,prj_cBNmhf88X78ZbGcrhu1TmwnTJBLn,,,01KF1G03NYRK2D2Y5160YEZKT8,,-1
2026-01-15 18:52:00,1768503120257,url-shortner-nxeoih58b-rishi17p-9022s-projects.vercel.app/,GET,,500,z9lpp-1768503119388-18c25d02e92e,vercel-favicon/1.0,error,production,main,MISS,serverless,/,url-shortner-nxeoih58b-rishi17p-9022s-projects.vercel.app,url-shortner-nxeoih58b-rishi17p-9022s-projects.vercel.app,dpl_3y3nHcLbqNQqQbTFjunb2cVn1wpX,,,,,"[dotenv@17.2.3] injecting env (0) from .env -- tip: ‚öôÔ∏è  suppress all logs with { quiet: true }
TypeError: Missing parameter name at 1: https://git.new/pathToRegexpError
    at name (/var/task/node_modules/path-to-regexp/dist/index.js:73:19)
    at lexer (/var/task/node_modules/path-to-regexp/dist/index.js:91:27)
    at lexer.next (<anonymous>)
    at Iter.peek (/var/task/node_modules/path-to-regexp/dist/index.js:106:38)
    at Iter.tryConsume (/var/task/node_modules/path-to-regexp/dist/index.js:112:28)
    at Iter.text (/var/task/node_modules/path-to-regexp/dist/index.js:128:30)
    at consume (/var/task/node_modules/path-to-regexp/dist/index.js:152:29)
    at parse (/var/task/node_modules/path-to-regexp/dist/index.js:183:20)
    at /var/task/node_modules/path-to-regexp/dist/index.js:294:74
    at Array.map (<anonymous>)
Node.js process exited with exit status: 1. The logs above can help with debugging the issue.",prj_cBNmhf88X78ZbGcrhu1TmwnTJBLn,,,,,
2026-01-15 18:51:59,1768503119388,url-shortner-nxeoih58b-rishi17p-9022s-projects.vercel.app/,GET,,500,z9lpp-1768503119388-18c25d02e92e,vercel-favicon/1.0,,production,main,MISS,serverless,/index.js,url-shortner-nxeoih58b-rishi17p-9022s-projects.vercel.app,url-shortner-nxeoih58b-rishi17p-9022s-projects.vercel.app,dpl_3y3nHcLbqNQqQbTFjunb2cVn1wpX,804,iad1,-1,2048,,prj_cBNmhf88X78ZbGcrhu1TmwnTJBLn,,,01KF1G03J8RTXDFR6TVKHREEKT,,-1
2026-01-15 18:52:00,1768503120218,url-shortner-nxeoih58b-rishi17p-9022s-projects.vercel.app/,GET,,500,wrmp9-1768503119321-24d4235bbd47,vercel-favicon/1.0,error,production,main,MISS,serverless,/,url-shortner-nxeoih58b-rishi17p-9022s-projects.vercel.app,url-shortner-nxeoih58b-rishi17p-9022s-projects.vercel.app,dpl_3y3nHcLbqNQqQbTFjunb2cVn1wpX,,,,,"[dotenv@17.2.3] injecting env (0) from .env -- tip: üóÇÔ∏è backup and recover secrets: https://dotenvx.com/ops
TypeError: Missing parameter name at 1: https://git.new/pathToRegexpError
    at name (/var/task/node_modules/path-to-regexp/dist/index.js:73:19)
    at lexer (/var/task/node_modules/path-to-regexp/dist/index.js:91:27)
    at lexer.next (<anonymous>)
    at Iter.peek (/var/task/node_modules/path-to-regexp/dist/index.js:106:38)
    at Iter.tryConsume (/var/task/node_modules/path-to-regexp/dist/index.js:112:28)
    at Iter.text (/var/task/node_modules/path-to-regexp/dist/index.js:128:30)
    at consume (/var/task/node_modules/path-to-regexp/dist/index.js:152:29)
    at parse (/var/task/node_modules/path-to-regexp/dist/index.js:183:20)
    at /var/task/node_modules/path-to-regexp/dist/index.js:294:74
    at Array.map (<anonymous>)
Node.js process exited with exit status: 1. The logs above can help with debugging the issue.",prj_cBNmhf88X78ZbGcrhu1TmwnTJBLn,,,,,
2026-01-15 18:51:59,1768503119321,url-shortner-nxeoih58b-rishi17p-9022s-projects.vercel.app/,GET,,500,wrmp9-1768503119321-24d4235bbd47,vercel-favicon/1.0,,production,main,MISS,serverless,/index.js,url-shortner-nxeoih58b-rishi17p-9022s-projects.vercel.app,url-shortner-nxeoih58b-rishi17p-9022s-projects.vercel.app,dpl_3y3nHcLbqNQqQbTFjunb2cVn1wpX,836,iad1,-1,2048,,prj_cBNmhf88X78ZbGcrhu1TmwnTJBLn,,,01KF1G03FXQAMA66NJARN8SYSN,,-1
2026-01-15 18:51:59,1768503119635,url-shortner-nxeoih58b-rishi17p-9022s-projects.vercel.app/,GET,,500,c8tk7-1768503117232-9e388e836060,vercel-screenshot/1.0,error,production,main,MISS,serverless,/,url-shortner-nxeoih58b-rishi17p-9022s-projects.vercel.app,url-shortner-nxeoih58b-rishi17p-9022s-projects.vercel.app,dpl_3y3nHcLbqNQqQbTFjunb2cVn1wpX,,,,,"[dotenv@17.2.3] injecting env (0) from .env -- tip: ‚úÖ audit secrets and track compliance: https://dotenvx.com/ops
TypeError: Missing parameter name at 1: https://git.new/pathToRegexpError
    at name (/var/task/node_modules/path-to-regexp/dist/index.js:73:19)
    at lexer (/var/task/node_modules/path-to-regexp/dist/index.js:91:27)
    at lexer.next (<anonymous>)
    at Iter.peek (/var/task/node_modules/path-to-regexp/dist/index.js:106:38)
    at Iter.tryConsume (/var/task/node_modules/path-to-regexp/dist/index.js:112:28)
    at Iter.text (/var/task/node_modules/path-to-regexp/dist/index.js:128:30)
    at consume (/var/task/node_modules/path-to-regexp/dist/index.js:152:29)
    at parse (/var/task/node_modules/path-to-regexp/dist/index.js:183:20)
    at /var/task/node_modules/path-to-regexp/dist/index.js:294:74
    at Array.map (<anonymous>)
Node.js process exited with exit status: 1. The logs above can help with debugging the issue.
[dotenv@17.2.3] injecting env (0) from .env -- tip: üîê prevent committing .env to code: https://dotenvx.com/precommit
TypeError: Missing parameter name at 1: https://git.new/pathToRegexpError
    at name (/var/task/node_modules/path-to-regexp/dist/index.js:73:19)
    at lexer (/var/task/node_modules/path-to-regexp/dist/index.js:91:27)
    at lexer.next (<anonymous>)
    at Iter.peek (/var/task/node_modules/path-to-regexp/dist/index.js:106:38)
    at Iter.tryConsume (/var/task/node_modules/path-to-regexp/dist/index.js:112:28)
    at Iter.text (/var/task/node_modules/path-to-regexp/dist/index.js:128:30)
    at consume (/var/task/node_modules/path-to-regexp/dist/index.js:152:29)
    at parse (/var/task/node_modules/path-to-regexp/dist/index.js:183:20)
    at /var/task/node_modules/path-to-regexp/dist/index.js:294:74
    at Array.map (<anonymous>)
Node.js process exited with exit status: 1. The logs above can help with debugging the issue.",prj_cBNmhf88X78ZbGcrhu1TmwnTJBLn,,,,,
2026-01-15 18:51:57,1768503117232,url-shortner-nxeoih58b-rishi17p-9022s-projects.vercel.app/,GET,,500,c8tk7-1768503117232-9e388e836060,vercel-screenshot/1.0,,production,main,MISS,serverless,/index.js,url-shortner-nxeoih58b-rishi17p-9022s-projects.vercel.app,url-shortner-nxeoih58b-rishi17p-9022s-projects.vercel.app,dpl_3y3nHcLbqNQqQbTFjunb2cVn1wpX,899,iad1,-1,2048,,prj_cBNmhf88X78ZbGcrhu1TmwnTJBLn,,,01KF1G01NDD9NJ0JRP2Z9MBR33,,-1
2026-01-15 18:51:59,1768503119373,url-shortner-nxeoih58b-rishi17p-9022s-projects.vercel.app/,GET,,500,54wvj-1768503117223-5a015ffc759d,vercel-screenshot/1.0,error,production,main,MISS,serverless,/,url-shortner-nxeoih58b-rishi17p-9022s-projects.vercel.app,url-shortner-nxeoih58b-rishi17p-9022s-projects.vercel.app,dpl_3y3nHcLbqNQqQbTFjunb2cVn1wpX,,,,,"[dotenv@17.2.3] injecting env (0) from .env -- tip: üîÑ add secrets lifecycle management: https://dotenvx.com/ops
TypeError: Missing parameter name at 1: https://git.new/pathToRegexpError
    at name (/var/task/node_modules/path-to-regexp/dist/index.js:73:19)
    at lexer (/var/task/node_modules/path-to-regexp/dist/index.js:91:27)
    at lexer.next (<anonymous>)
    at Iter.peek (/var/task/node_modules/path-to-regexp/dist/index.js:106:38)
    at Iter.tryConsume (/var/task/node_modules/path-to-regexp/dist/index.js:112:28)
    at Iter.text (/var/task/node_modules/path-to-regexp/dist/index.js:128:30)
    at consume (/var/task/node_modules/path-to-regexp/dist/index.js:152:29)
    at parse (/var/task/node_modules/path-to-regexp/dist/index.js:183:20)
    at /var/task/node_modules/path-to-regexp/dist/index.js:294:74
    at Array.map (<anonymous>)
Node.js process exited with exit status: 1. The logs above can help with debugging the issue.
[dotenv@17.2.3] injecting env (0) from .env -- tip: üõ†Ô∏è  run anywhere with `dotenvx run -- yourcommand`
TypeError: Missing parameter name at 1: https://git.new/pathToRegexpError
    at name (/var/task/node_modules/path-to-regexp/dist/index.js:73:19)
    at lexer (/var/task/node_modules/path-to-regexp/dist/index.js:91:27)
    at lexer.next (<anonymous>)
    at Iter.peek (/var/task/node_modules/path-to-regexp/dist/index.js:106:38)
    at Iter.tryConsume (/var/task/node_modules/path-to-regexp/dist/index.js:112:28)
    at Iter.text (/var/task/node_modules/path-to-regexp/dist/index.js:128:30)
    at consume (/var/task/node_modules/path-to-regexp/dist/index.js:152:29)
    at parse (/var/task/node_modules/path-to-regexp/dist/index.js:183:20)
    at /var/task/node_modules/path-to-regexp/dist/index.js:294:74
    at Array.map (<anonymous>)
Node.js process exited with exit status: 1. The logs above can help with debugging the issue.",prj_cBNmhf88X78ZbGcrhu1TmwnTJBLn,,,,,
2026-01-15 18:51:57,1768503117223,url-shortner-nxeoih58b-rishi17p-9022s-projects.vercel.app/,GET,,500,54wvj-1768503117223-5a015ffc759d,vercel-screenshot/1.0,,production,main,MISS,serverless,/index.js,url-shortner-nxeoih58b-rishi17p-9022s-projects.vercel.app,url-shortner-nxeoih58b-rishi17p-9022s-projects.vercel.app,dpl_3y3nHcLbqNQqQbTFjunb2cVn1wpX,797,iad1,-1,2048,,prj_cBNmhf88X78ZbGcrhu1TmwnTJBLn,,,01KF1G01NC7ZWMCBGTVPRSPDJT,,-1